query,response
My order hasn't arrived yet.,We apologize for the inconvenience. Can you please provide your order number so we can investigate?
I received a damaged product.,We apologize for the inconvenience. Can you please provide a photo of the damaged product so we can assist you further?
I need to return an item.,"Certainly. Please provide your order number and reason for return, and we will provide you with instructions on how to proceed."
I want to change my shipping address.,No problem. Can you please provide your order number and the new shipping address you'd like to use?
I have a question about my bill.,We'd be happy to help. Can you please provide your account number and a brief description of your question?
How do I cancel my subscription?,We're sorry to hear that. Can you please provide your account email and the name of the subscription you'd like to cancel?
Can I get a refund for my purchase?,We understand your concern. Please provide your order number and the reason for your refund request so we can assist you further.
I'd like to track my order.,Of course. Can you please provide your order number so we can check the current status for you?
My account has been locked.,We apologize for the inconvenience. Can you please provide your account email so we can help you regain access?
I can't find the item I'm looking for.,We're here to help. Can you please provide a description or product name of the item you're looking for so we can assist you?
I'm having trouble applying a promo code.,"We apologize for the inconvenience. Can you please provide the promo code you're trying to use, and we'll help you resolve the issue?"
How do I update my payment information?,We can help with that. Can you please provide your account email so we can guide you through updating your payment information?
I haven't received a response to my email inquiry.,We apologize for the delay. Can you please provide your ticket number or account email so we can follow up on your inquiry?
Can I change the size of an item in my order?,Certainly. Can you please provide your order number and the details of the item you'd like to change?
What is the status of my warranty claim?,We'd be happy to check for you. Can you please provide your claim number or the product's serial number?
Is my item in stock?,"To check availability, can you please provide the product name or SKU so we can assist you?"
My promo code has expired. Can I still use it?,"Unfortunately, expired promo codes cannot be used. However, please provide the code, and we'll see if there's a similar offer currently available."
How do I reset my password?,"We can help with that. Please provide your account email, and we'll send you instructions on how to reset your password."
Can I place a bulk order?,"Certainly. Can you please provide the product name or SKU, and the quantity you'd like to order so we can check availability and pricing?"
How do I apply for a job at your company?,Thank you for your interest. Can you please provide your email address so we can send you information on how to apply?
Can I add an item to an existing order?,We'll do our best to help. Can you please provide your order number and the details of the item you'd like to add?
How long does shipping take?,We'd be happy to provide an estimate. Can you please provide your shipping destination and the product name or SKU?
I was charged twice for my order.,We apologize for the inconvenience. Can you please provide your order number so we can investigate and resolve the issue?
Where can I find your sizing chart?,We'd be happy to help. Can you please provide the product name or SKU so we can direct you to the appropriate sizing chart?
I need technical support for a product.,"We're here to help. Can you please provide the product name, SKU, or serial number, and a description of the issue you're experiencing?"
Can I exchange an item for a different color?,Certainly. Can you please provide your order number and the details of the item you'd like to exchange?
How do I apply for a store credit card?,Thank you for your interest. Can you please provide your email address so we can send you information on how to apply?
Where is your store located?,We'd be happy to help you find a store near you. Can you please provide your city and state or zip code?
I can't log into my account.,We apologize for the inconvenience. Can you please provide your account email so we can help you troubleshoot the issue?
Do you offer gift wrapping?,We do offer gift wrapping for select items. Can you please provide the product name or SKU so we can confirm if gift wrapping is available?
Can I schedule a delivery?,Certainly. Can you please provide your order number and the preferred date and time for delivery?
How do I unsubscribe from your newsletter?,We're sorry to see you go. Can you please provide your email address so we can remove you from our mailing list?
What is your return policy?,We'd be happy to provide information on our return policy. Can you please provide the product name or SKU so we can give you the most accurate information?
Do you offer price matching?,We do offer price matching in certain cases. Can you please provide the product name or SKU and the competitor's pricing information?
Are there any current promotions or sales?,"We'd be happy to inform you of any current promotions. Can you please provide the product name or SKU you're interested in, or the type of promotion you're looking for?"
My coupon isn't working.,We apologize for the inconvenience. Can you please provide the coupon code and the product name or SKU you're trying to apply it to?
Can you help me with a product recommendation?,"Of course! Can you please provide some details about what you're looking for, such as product type, features, or price range?"
Do you offer international shipping?,We'd be happy to help. Can you please provide your shipping destination and the product name or SKU you're interested in?
Can I place an order over the phone?,"Certainly. Can you please provide your phone number and the best time to reach you, and one of our representatives will contact you to place the order?"
How do I know if my order went through?,We can help you with that. Can you please provide your account email or order number so we can check the status for you?
Can I use multiple promo codes on one order?,"In most cases, only one promo code can be applied per order. Can you please provide the promo codes you're trying to use so we can check their compatibility?"
What are your customer service hours?,Our customer service team is available 24/7 to assist you. Please feel free to reach out with any questions or concerns.
Where can I find the user manual for my product?,"We'd be happy to help. Can you please provide the product name, SKU, or serial number so we can direct you to the appropriate user manual?"
Do you offer a warranty on your products?,We do offer warranties on select products. Can you please provide the product name or SKU so we can provide you with warranty information?
Can I place an order for in-store pickup?,Certainly. Can you please provide the product name or SKU and the store location where you'd like to pick up your order?
How do I sign up for your rewards program?,Thank you for your interest in our rewards program. Can you please provide your email address so we can send you information on how to sign up?
Can I pay with a gift card online?,"Yes, you can use gift cards for online purchases. Can you please provide the gift card number and the product name or SKU you're interested in?"
I can't find my order confirmation email.,We apologize for the inconvenience. Can you please provide your account email or order number so we can resend the confirmation email?
Do you offer a military discount?,"Yes, we do offer a military discount. Can you please provide your military ID or email address so we can apply the discount to your account?"
What is the processing time for my order?,We'd be happy to provide an estimate. Can you please provide your order number or the product name or SKU?
How do I update my shipping preferences?,We can help with that. Can you please provide your account email so we can guide you through updating your shipping preferences?
Is my payment information secure?,"Yes, we take security very seriously. Can you please provide your account email so we can verify the security measures in place for your payment information?"
Can I pre-order an item?,Certainly. Can you please provide the product name or SKU and your email address so we can notify you when pre-orders are available?
How do I use a gift card in-store?,"To use a gift card in-store, simply present the gift card at the time of purchase. Can you please provide the gift card number so we can check the balance for you?"
Do you have a loyalty program?,"Yes, we do have a loyalty program. Can you please provide your email address so we can send you information on how to join and enjoy the benefits?"
Is there a mobile app for your store?,"Yes, we do have a mobile app. Can you please provide your email address so we can send you a link to download the app and instructions on how to use it?"
I need help assembling my product.,"We're here to help. Can you please provide the product name, SKU, or serial number, and a description of the issue you're experiencing during assembly?"
Do you offer financing options?,We do offer financing options for select purchases. Can you please provide the product name or SKU and your email address so we can send you more information?
Can I reserve an item in-store?,Certainly. Can you please provide the product name or SKU and the store location where you'd like to reserve the item?
How do I get a price adjustment for a recent purchase?,We'd be happy to help. Can you please provide your order number and the product name or SKU for the item you'd like a price adjustment on?
How do I change my email preferences?,We can help with that. Can you please provide your account email so we can guide you through updating your email preferences?
Can I use my store credit online?,"Yes, you can use store credit for online purchases. Can you please provide the store credit number and the product name or SKU you're interested in?"
What are the washing instructions for this item?,We'd be happy to help. Can you please provide the product name or SKU so we can provide you with the proper washing instructions?
Can I get a replacement part for my product?,"Certainly. Can you please provide the product name, SKU, or serial number, and a description of the part you need?"
Do you offer free shipping?,We do offer free shipping on select orders. Can you please provide the product name or SKU and your shipping destination so we can check if your order qualifies?
Can I place a custom order?,We'd be happy to assist you. Can you please provide the product name or SKU and a description of the customizations you'd like?
How do I report a problem with your website?,We appreciate your feedback. Can you please provide a description of the issue you're experiencing and your email address so we can follow up with you?
What is your policy on price adjustments?,We'd be happy to provide information on our price adjustment policy. Can you please provide the product name or SKU so we can give you the most accurate information?
Do you have any upcoming sales or events?,We'd be happy to inform you of any upcoming sales or events. Can you please provide your email address so we can keep you updated?
How do I schedule a consultation or appointment?,"We'd be happy to help. Can you please provide your name, phone number, and the service you're interested in so we can schedule your appointment?"
Can I get a copy of my receipt?,Certainly. Can you please provide your order number or account email so we can locate your receipt and send you a copy?
Can I use a competitor's coupon at your store?,"In some cases, we may accept competitor coupons. Can you please provide the competitor's coupon code and the product name or SKU you'd like to apply it to?"
Do you have a recycling program?,"Yes, we do have a recycling program. Can you please provide your email address so we can send you information on how to participate?"
How do I report a lost or stolen gift card?,"We're sorry to hear that. Can you please provide the gift card number, if available, and your email address so we can assist you further?"